MFCC_1,MFCC_2,MFCC_3,MFCC_4,MFCC_5,MFCC_6,MFCC_7,MFCC_8,MFCC_9,MFCC_10,MFCC_11,MFCC_12,MFCC_13,MFCC_14,MFCC_15,MFCC_16,MFCC_17,MFCC_18,MFCC_19,MFCC_20,MFCC_21,MFCC_22,MFCC_23,MFCC_24,MFCC_25,MFCC_26,MFCC_27,MFCC_28,MFCC_29,MFCC_30,MFCC_31,MFCC_32,MFCC_33,MFCC_34,MFCC_35,MFCC_36,MFCC_37,MFCC_38,MFCC_39,MFCC_40,Chroma_1,Chroma_2,Chroma_3,Chroma_4,Chroma_5,Chroma_6,Chroma_7,Chroma_8,Chroma_9,Chroma_10,Chroma_11,Chroma_12,ZeroCrossings_1,SpectralContrast_1,SpectralContrast_2,SpectralContrast_3,SpectralContrast_4,SpectralContrast_5,SpectralContrast_6,SpectralContrast_7
-593.5166,85.78197,24.92027,24.5537,25.910572,19.51084,17.403824,16.783413,14.318241,11.024883,4.8912396,0.59079826,5.212673,5.393304,0.58772236,-4.564603,-9.380948,-1.5868763,9.14776,7.2094116,36.7378,36.7378,36.7378,36.7378,36.7378,-5.9146957,-2.4435778,-2.982785,-2.8389237,-2.247597,-2.1679993,-2.292089,-2.4228292,-1.8033226,-0.47753483,0.23917808,0.23917808,0.23917808,0.23917808,0.23917808,0.89717513,0.9329822,0.9807774,1.0,0.9451626,0.9366671,0.9176102,0.8898529,0.817238,0.7752775,0.73705876,0.8076365,0.001953125,5.904191146218688,10.222785973551858,5.4675578955171,11.640553406769211,13.598785732296346,14.75306387324023,14.424351248035599
-626.19653,72.68413,35.654823,26.954826,29.246223,23.185453,16.19365,16.60477,17.823566,12.286461,3.7471187,0.22479591,2.4013803,4.3972197,2.7623627,-4.423825,-10.629536,-4.180702,6.2281084,5.20934,39.419178,39.419178,39.419178,39.419178,39.419178,-5.480619,-3.3510318,-3.3930917,-3.4245453,-2.722769,-2.2208972,-2.4403703,-2.6956725,-1.9655813,-0.6362569,0.014510316,0.014510316,0.014510316,0.014510316,0.014510316,0.9291768,0.9453894,0.9862883,1.0,0.9485571,0.9266671,0.9122784,0.8922844,0.8481925,0.83311707,0.8154024,0.8691921,0.001953125,7.635648941398987,17.251442024701703,11.792265734712135,10.06954736752418,11.904187420276557,13.106526100238547,15.489526741714606
-678.5711,23.485645,22.336784,20.570492,18.382988,16.001245,13.646217,11.498945,9.675558,8.215719,7.08579,6.195959,5.4268646,4.6603785,3.8079371,2.8309994,1.749501,0.6371832,-0.39514297,-1.2242038,44.917934,44.917934,44.917934,44.917934,44.917934,-2.0323875,-1.9997575,-1.8488573,-1.6274072,-1.3869544,-1.1730995,-1.0174042,-0.9324946,-0.91119766,-0.92973614,-0.9541917,-0.9541917,-0.9541917,-0.9541917,-0.9541917,0.639632,0.5259535,0.65659773,0.90765464,0.82250524,0.7096218,1.0,0.6745496,0.7474326,0.97893417,0.7687349,0.71095824,0.0029296875,18.607105561777804,11.088028456163954,11.24843457614946,12.376214219846858,13.922494893738037,14.69683829481638,42.86751082310207
-663.36,43.642197,38.71367,31.52127,23.31734,15.388259,8.770604,4.070148,1.420521,0.5676547,1.0269085,2.246867,3.7275596,5.073619,5.996314,6.2977743,5.869024,4.7130704,2.9786048,0.97300243,41.073112,41.073112,41.073112,41.073112,41.073112,-5.8937764,-4.9786606,-3.68267,-2.2795532,-1.0071311,-0.029890973,0.57250774,0.7958322,0.69130963,0.345208,-0.13651183,-0.13651183,-0.13651183,-0.13651183,-0.13651183,0.8203186,0.6129358,0.49713436,0.5223427,0.65945816,0.83743465,0.7417716,0.6632856,0.70474076,0.7258245,0.7953053,1.0,0.0068359375,13.566976276038744,5.727081285037503,16.23845032645532,13.93372438233014,13.971235936422893,16.55083285726942,45.20903567217458
-647.4517,62.341446,49.274693,35.329224,23.62825,13.46037,4.9252815,0.34658235,0.5388672,2.6550074,3.5405316,3.436376,4.3920527,6.2892065,6.90866,5.627418,4.53417,5.162944,6.1064286,5.1658497,38.256836,38.256836,38.256836,38.256836,38.256836,-7.8936915,-5.670864,-3.5638614,-1.7912974,-0.35171816,0.5708188,0.8058773,0.5747922,0.33185586,0.25109562,0.12390012,0.12390012,0.12390012,0.12390012,0.12390012,0.7860023,0.6651928,0.5323655,0.6518789,0.9337362,0.96805376,0.8173361,0.97500545,1.0,0.8066905,0.6647501,0.70871395,0.0087890625,12.890162246471006,8.654259842202796,13.45324647774227,10.32361978348801,12.9017604898536,18.520281555278036,47.75253461419438
-623.4014,83.15736,50.330784,33.005787,26.582756,17.66235,5.9496036,-4.2212825,-6.0120263,2.108427,6.7389135,1.5999849,0.5230864,8.178261,11.409557,7.730689,5.744201,4.303979,0.61698127,-0.12277979,35.055264,35.055264,35.055264,35.055264,35.055264,-9.805191,-5.9022126,-3.803737,-2.4086242,-0.49704054,1.1933371,1.766608,1.3301877,0.48243248,-0.10635149,-0.33372158,-0.33372158,-0.33372158,-0.33372158,-0.33372158,0.48841274,0.50572234,0.42196807,0.54869026,0.83162034,1.0,0.81073815,0.77348006,0.7149103,0.62366694,0.5137303,0.4527811,0.01171875,12.726793560610535,7.553277340576228,20.1479771751349,14.359010108332182,14.910732575472004,16.646843238487225,47.271327104194036
-599.0384,101.29775,47.96161,31.061123,25.20242,9.367876,0.98549104,0.4536776,0.6443026,6.9999256,9.694916,1.0487658,0.046752185,9.348824,8.961164,3.9284048,6.9912043,5.0956,-4.965173,-5.226981,33.009216,33.009216,33.009216,33.009216,33.009216,-10.076251,-4.7213464,-2.8608172,-1.6935817,0.12247272,0.85736454,0.56498545,0.38342667,-0.017579103,-0.6338561,-0.84358615,-0.84358615,-0.84358615,-0.84358615,-0.84358615,0.5108465,0.4569907,0.44603968,0.61723256,1.0,0.99523926,0.8346796,0.7249661,0.92326003,0.9831983,0.82560474,0.65178686,0.0166015625,13.1788884954678,13.59590912890612,17.513502043494178,10.656966608570475,13.31109826002217,14.546309518903652,48.13649053926411
-583.012,109.37442,43.878788,31.681622,24.812963,8.7999525,4.5834684,4.0748096,2.268531,7.110856,10.794477,3.5522747,0.9281306,7.9259043,7.054208,0.8793111,0.35070202,1.3662412,-0.551953,-3.326343,32.06252,32.06252,32.06252,32.06252,32.06252,-10.155469,-4.2643924,-2.6710997,-1.5970716,-0.11635549,0.253281,-0.11102024,-0.49121433,-0.8921606,-1.0024213,-0.8629592,-0.8629592,-0.8629592,-0.8629592,-0.8629592,0.70346826,0.46108788,0.3300106,0.4140541,0.71074927,0.69384754,0.6945385,0.6277821,0.87077683,0.9841189,1.0,0.83430797,0.0146484375,13.705248679641004,13.30951201059039,11.145155906164874,17.311923192953728,12.522634044468653,14.836562524119032,48.51899873850674
-562.71436,118.54959,38.663918,31.935856,22.121761,9.2654915,9.437932,2.4407837,-5.445507,0.95468605,10.162088,2.0711203,-2.6530604,6.6267943,6.642851,0.43036568,-0.13292265,1.32552,0.46477962,-2.5458326,29.993776,29.993776,29.993776,29.993776,29.993776,-11.239697,-4.4818344,-3.1140501,-2.0120032,-0.5326583,0.13465057,0.44587448,0.28657627,-0.38978824,-0.7030365,-0.44154355,-0.44154355,-0.44154355,-0.44154355,-0.44154355,0.7731564,0.33500642,0.2782126,0.43938357,0.52990204,0.5975525,0.59736925,0.58913076,0.6475705,0.6847537,0.91646105,1.0,0.02880859375,11.09162190183386,10.682238817644889,13.706426785774038,10.804531804551974,14.559992528435323,16.67062468658399,49.17631148470177
-514.6637,121.58917,14.299879,24.495886,-0.63703114,11.033003,7.97639,-2.2884262,3.088708,-7.5846653,10.042597,4.966964,-10.7954445,-0.90640694,-7.1493845,5.679091,2.740869,-1.6558416,9.996546,-6.9726386,27.887783,27.887783,27.887783,27.887783,27.887783,-9.921401,-1.9856789,-1.469997,-0.9999266,-1.3768079,-1.1928953,-0.10542889,-0.030957,0.11467376,0.22675842,0.38348243,0.38348243,0.38348243,0.38348243,0.38348243,0.43281275,0.48821926,0.49851447,1.0,0.8425733,0.5957789,0.69569933,0.52732486,0.80367064,0.6533229,0.8274142,0.5944403,0.0390625,14.331215954881303,10.054718449736132,9.997674140658729,11.48388005851735,15.122212585687576,21.203847504786538,50.00351323459244
-440.33694,137.71223,-10.428496,18.8507,-12.79982,8.076216,3.4086943,-15.167243,3.1049557,-1.3458881,4.3189645,12.366667,-17.333887,-3.0759187,-10.715218,10.321564,-4.5516424,-13.17792,4.046466,-17.120602,22.200485,22.200485,22.200485,22.200485,22.200485,-9.457659,0.11610284,0.104537874,0.17294966,-0.84257424,-0.7897801,0.5896966,-0.6855831,-1.1901914,-0.6460297,-1.1308074,-1.1308074,-1.1308074,-1.1308074,-1.1308074,0.113732904,0.5294675,0.33023697,0.15216534,0.30252004,0.55464685,1.0,0.73233366,0.25450554,0.16236837,0.13475795,0.059271976,0.0400390625,15.995396242346851,13.142043128858294,12.226303849004665,13.32214480864176,17.013289334903163,19.67611643910827,46.91945760712567
-411.43216,147.6652,-13.4914055,17.458912,-10.302597,3.4545007,0.7118386,-21.931686,-0.7797001,1.1932791,4.3539796,18.358368,-17.87481,-2.7633154,-9.032749,11.014523,-5.3146515,-15.771624,1.2715516,-22.175695,19.13702,19.13702,19.13702,19.13702,19.13702,-10.258656,0.27073747,0.69255954,0.7472,0.084709674,0.025027204,1.2813952,-0.60952026,-1.7118522,-1.2636923,-2.1165948,-2.1165948,-2.1165948,-2.1165948,-2.1165948,0.20291536,0.64671236,0.17995274,0.029167628,0.092784315,0.41984856,1.0,0.470369,0.07621829,0.02353432,0.03030244,0.023641715,0.04150390625,26.63845304595649,17.392521077646066,17.186396445297685,15.817662110886326,15.61824529808291,21.823493350471338,44.524230175515044
-417.69897,148.78966,3.381384,19.876804,-3.6771345,3.2762456,-4.6289654,-30.404291,-6.2798624,-10.726663,6.3764014,20.113773,-15.67571,0.67867446,-6.628421,1.314768,-8.210855,-15.202753,0.8400252,-21.954775,17.924555,17.924555,17.924555,17.924555,17.924555,-12.809384,-1.9786054,0.024196172,0.7367774,1.1693646,1.6216636,2.1098187,-0.28407368,-1.5036142,-1.875488,-2.534538,-2.534538,-2.534538,-2.534538,-2.534538,0.42072517,0.5398257,0.06533703,0.02425007,0.16989724,0.7257867,1.0,0.2435093,0.020376248,0.0038901737,0.013680885,0.08244808,0.02978515625,25.02066014773424,16.148182239467488,22.304910736146915,17.3550731945913,18.51512722007793,22.430657396631354,43.77735304577989
-440.49713,141.00085,15.434147,30.798002,12.23857,3.9244494,-7.1616426,-29.313435,-14.590645,-22.022228,14.378349,18.982674,-14.312721,5.7900643,-7.0648184,-3.4724112,-5.862851,-17.239113,-2.9747381,-18.992508,18.676966,18.676966,18.676966,18.676966,18.676966,-14.696497,-4.15967,-1.6694056,-0.17765506,1.8595072,2.454309,2.547918,0.5746947,-1.3208901,-2.8406742,-2.7123861,-2.7123861,-2.7123861,-2.7123861,-2.7123861,0.22872956,0.18330663,0.02132434,0.039235573,0.2931854,1.0,0.69244176,0.118637666,0.007099333,0.0039910288,0.007992904,0.05793864,0.02099609375,35.53064414881474,25.414558727290277,27.111380592739536,18.989735790738635,17.256937101907447,20.4859723952085,42.748265260411216
-455.1277,131.84045,16.85663,37.600533,26.748909,5.612952,-4.408668,-15.432892,-18.99175,-28.536287,23.803482,17.187496,-19.50238,5.574581,-11.771051,-3.3565722,1.9292601,-15.677379,-0.58935654,-17.662855,20.470093,20.470093,20.470093,20.470093,20.470093,-14.7712755,-4.71917,-2.8895,-1.782677,1.0433564,1.3045901,1.5813875,1.2743535,-0.7923973,-2.7038975,-1.8577657,-1.8577657,-1.8577657,-1.8577657,-1.8577657,0.18558872,0.08146897,0.006215306,0.048507452,0.32117614,1.0,0.38146707,0.040073685,0.0021883259,0.0016513214,0.0018604334,0.025663031,0.01806640625,29.87214521393301,18.57982074297494,22.997274638939167,20.295230820698876,17.646578522738317,20.957217912903868,42.792632223870555
-447.0754,118.166626,27.210724,38.338432,26.150736,9.062813,-13.031452,1.4870169,-27.447224,-26.918781,25.695686,10.41304,-20.88988,2.9698057,-6.84735,0.34363174,0.46365798,-11.1760845,-6.1110277,-18.46219,20.3119,20.3119,20.3119,20.3119,20.3119,-14.2866745,-5.2767253,-3.3240945,-2.251055,0.38412744,1.3271881,1.1736281,2.0150242,-0.3136931,-2.5318887,-1.5357523,-1.5357523,-1.5357523,-1.5357523,-1.5357523,0.14954981,0.0274301,0.0033230258,0.047774944,0.32556784,1.0,0.38107583,0.037723143,0.0014767508,0.0015185688,0.0020135185,0.03359276,0.017578125,28.18089168227799,19.98896046780822,37.102526148053016,18.838321308578987,17.11587292538353,17.96439912950288,45.087367616400776
-425.0045,108.1918,47.69159,43.348656,3.835915,15.630028,-12.167137,3.9864683,-35.156082,-25.249367,11.05785,8.99802,-16.187037,6.3413076,-3.465087,7.612417,-8.172646,-1.5138042,-4.427973,-16.201538,18.32236,18.32236,18.32236,18.32236,18.32236,-14.617252,-7.365943,-3.6747413,-1.3795615,0.117040955,1.90097,2.4252207,2.9136086,0.7866918,-1.2696478,-1.4323137,-1.4323137,-1.4323137,-1.4323137,-1.4323137,0.11178546,0.029925173,0.003663227,0.038551643,0.30337945,1.0,0.5198234,0.06690291,0.0055006584,0.0024171278,0.0028358535,0.032572936,0.0205078125,45.52991679619677,19.67927600868874,25.625525689030678,17.17317226288347,18.748481067162047,16.49177107861758,51.17819012493922
-370.21466,126.761314,47.63749,24.515783,-26.306091,14.3885765,-3.714348,-7.29407,-40.59848,-16.73314,0.24641165,18.33852,-6.4036264,2.1539469,-2.5643654,5.143533,-8.576046,5.7993975,-1.6181252,-14.911974,13.391129,13.391129,13.391129,13.391129,13.391129,-14.661895,-6.059642,-0.7363185,1.4990356,0.58506197,2.2734225,3.249615,2.8652272,0.6852011,-0.77384615,-1.9561042,-1.9561042,-1.9561042,-1.9561042,-1.9561042,0.038155414,0.077438615,0.06184034,0.041735392,0.15303387,0.6984352,1.0,0.557428,0.15805168,0.030335013,0.014468404,0.012687519,0.02880859375,28.891690428710078,18.925086271461087,16.58049484378059,16.00503052529343,20.430214199752385,16.22746083301023,51.8613909509342
-315.82153,149.87943,18.191525,12.3776865,-43.60435,0.050176516,7.531958,-17.25496,-38.92243,-12.411467,-9.788941,20.940954,-2.0249803,5.944616,2.7611122,-0.7970541,-9.605137,2.3159022,0.42355856,-18.425129,9.542443,9.542443,9.542443,9.542443,9.542443,-13.810574,-3.237177,1.0720271,3.3198586,1.6738709,2.627711,3.9226394,2.7036028,0.34618273,-0.61545235,-2.8290398,-2.8290398,-2.8290398,-2.8290398,-2.8290398,0.055638216,0.092397556,0.41573185,0.52058333,0.15785518,0.25719446,0.6119292,1.0,0.87556064,0.19461429,0.0962991,0.053435728,0.03564453125,31.56308799455759,20.391862753782682,22.82510106500672,16.466687575865613,18.082265175717634,19.29729544325245,47.46896467859587
-302.4493,169.25806,3.63592,7.041067,-49.21183,-15.868524,23.021275,-22.403147,-25.47665,-15.224449,-15.249016,24.814983,-4.671809,9.959766,3.952808,-0.68583417,-9.312104,-4.693989,4.4421587,-20.377483,9.146136,9.146136,9.146136,9.146136,9.146135,-13.532051,-1.6900092,2.0962389,3.8474786,2.08163,1.7077332,3.9350543,2.197041,0.29259264,-0.49480683,-3.266673,-3.266673,-3.266673,-3.266673,-3.266673,0.044929933,0.04477237,0.14448236,0.41216642,0.25672874,0.04004765,0.04878768,0.15942627,0.5940878,1.0,0.34013277,0.03649775,0.041015625,35.18792832206615,20.653298554003854,27.11819838234353,18.772705720294198,15.629717062960488,25.554510765968256,47.3671434593274
-322.14743,173.17703,17.803787,4.055953,-50.83631,-25.741827,24.022127,-18.667717,-19.127617,-16.209568,-27.462582,19.896847,-3.0980465,8.123514,4.7615395,-1.3948817,-11.479334,-7.9144106,4.273116,-17.802736,10.319732,10.319732,10.319732,10.319732,10.319732,-13.982159,-2.8561757,1.8233256,3.7892969,2.0482502,1.191615,3.5631585,2.128535,0.7734417,0.28713414,-2.950026,-2.950026,-2.950026,-2.950026,-2.950026,0.012422156,0.0133610135,0.011978499,0.046286236,0.06419158,0.016709633,0.009475613,0.0117184725,0.14290762,1.0,0.66229534,0.06611942,0.04296875,26.426733428127694,15.045344450877334,21.248382208817773,20.619371841326185,17.425985030190752,28.675504402274676,47.967969123195786
-373.77472,184.22394,33.530537,8.962048,-43.374992,-24.864105,19.386055,-13.205612,-19.579773,-15.924107,-35.89337,11.65225,-0.4384736,4.213603,12.999801,0.76318383,-13.039632,-3.1513748,2.5437157,-14.42524,12.706267,12.706267,12.706267,12.706267,12.706267,-15.691623,-4.885086,0.20199737,2.8002965,1.5039896,1.5428597,3.8224037,2.7761688,1.8552048,1.3447456,-2.2688797,-2.2688797,-2.2688797,-2.2688797,-2.2688797,0.011181553,0.007636296,0.0062133777,0.0069799833,0.00951186,0.012924177,0.01882031,0.015560219,0.10010678,1.0,0.7849059,0.106490016,0.041015625,25.4344427575879,13.17713409284126,19.462396169469486,22.519202765729403,17.94871821450502,26.058829428318813,49.66937418550073
-440.17923,184.43338,32.562397,22.401524,-28.462942,-12.882118,24.169506,-9.763482,-17.435978,-14.715421,-25.606691,9.672464,6.465861,1.5082229,10.340797,2.433741,-9.409668,-0.7020997,1.5987256,-12.859201,17.605217,17.605217,17.605217,17.605217,17.605217,-15.971465,-5.314244,-1.4603262,1.7145771,0.58586013,0.8448641,3.2773175,2.4547243,1.5673641,0.78120726,-2.1483197,-2.1483197,-2.1483197,-2.1483197,-2.1483197,0.011175166,0.0074949195,0.0048063905,0.009525555,0.018606389,0.027861783,0.032118574,0.017382804,0.12239825,1.0,0.5127344,0.049246177,0.0400390625,28.157549291936707,21.01940792280552,21.898881886858234,18.423721578828026,18.050374878302023,24.362556400517345,47.26904637305657
-482.14224,170.31465,35.762314,25.660164,-12.462247,-7.4681425,20.012434,-6.5736427,-14.77957,-17.617744,-17.978981,6.3519917,8.463142,5.4358277,12.405638,0.58703446,-10.189634,-1.5543712,1.0960765,-11.218745,21.235962,21.235962,21.235962,21.235962,21.235962,-15.589136,-5.8089843,-2.481235,0.6355838,0.6603311,1.2676065,3.0457933,2.213786,1.3339019,0.1737799,-2.1493301,-2.1493301,-2.1493301,-2.1493301,-2.1493301,0.006595028,0.006272362,0.006257525,0.009155659,0.0133797135,0.02162394,0.026725966,0.021866864,0.109710954,1.0,0.8295489,0.05570368,0.0400390625,21.338808688762455,15.101442770601448,26.922868484208287,19.834461267607885,15.024125203311558,22.390463815779775,48.57855339909508
-506.06827,160.48941,37.113903,22.933992,0.9514851,-5.2709837,10.420222,-7.9592123,-17.64238,-14.449476,-13.48087,1.3003062,7.3526745,8.851779,12.894352,-3.4078975,-12.730946,1.6187878,2.1631002,-8.562663,22.779423,22.779423,22.779423,22.779423,22.779423,-15.2723675,-5.906758,-2.9375234,-0.1495637,1.1661493,2.1011565,2.954192,1.8845398,1.044135,0.1850735,-1.585198,-1.585198,-1.585198,-1.585198,-1.585198,0.012434825,0.007964036,0.010691799,0.009940574,0.015685754,0.027407471,0.03008,0.02934305,0.129416,1.0,0.6756814,0.06514335,0.04736328125,28.1262133880647,11.654313370726722,25.070544455039524,17.245162167320924,16.547221806404224,18.647624432529824,43.78053226710735
-390.15714,113.06423,-23.618177,-2.5953543,23.089611,26.82505,-16.182701,-34.69286,-14.004402,15.642452,1.1010299,3.9843895,-21.049698,8.714359,16.279922,-8.433367,2.6859121,11.5021,-7.2113338,-5.2404795,18.427183,18.427183,18.427183,18.427183,18.427183,-7.738552,0.29807186,-0.9972277,-2.6696074,0.090269595,3.9053917,2.664734,0.49369258,0.0114557585,0.3271195,-0.05671521,-0.05671521,-0.05671521,-0.05671521,-0.05671521,0.09188648,0.062170032,0.02845595,0.06015181,0.15628117,0.2745369,0.41844422,0.5047017,0.59638995,1.0,0.8500414,0.22352363,0.06005859375,19.368590203154948,9.974801647700204,14.739367697564525,14.445707634290047,16.643317588757757,20.048546761057644,46.28813269011968
-346.89514,100.42943,-31.569267,-10.673192,19.434181,26.181736,-22.531353,-37.07982,-15.417994,15.695234,-1.3346138,2.1442633,-23.59653,9.334639,17.653564,-5.5294695,7.4010835,15.121604,-9.325253,-7.333981,16.138527,16.138527,16.138527,16.138527,16.138527,-6.421029,1.1179665,-0.4149368,-2.4844456,0.36579368,4.50125,3.1738827,1.2128155,0.83025336,0.9016765,0.10370513,0.10370513,0.10370513,0.10370513,0.10370513,0.16077752,0.10575187,0.04035613,0.07271993,0.19844757,0.4113583,0.6025737,0.7533232,1.0,0.9756583,0.9350202,0.28277045,0.07177734375,17.499284182085127,7.7833650309705735,21.180651440135502,14.642949370005327,18.239172385801066,20.184497919598858,46.781522268780805
-400.4837,112.290825,-18.920166,-3.1803288,23.610432,27.44833,-20.030819,-36.265514,-13.261133,15.9776,-2.8981133,0.5656905,-20.793447,9.331668,15.52079,-10.2121935,4.1391683,10.05654,-12.9190445,-8.745331,18.860477,18.860477,18.860477,18.860477,18.860477,-7.968124,-0.26491627,-1.3452222,-2.8625817,0.15451494,4.142024,2.6561975,0.6105935,0.2031012,0.31183654,-0.3925459,-0.3925459,-0.3925459,-0.3925459,-0.3925459,0.16859855,0.13363943,0.037205517,0.05416156,0.106290855,0.18503274,0.2698675,0.36834183,0.57276195,1.0,0.72781307,0.19565926,0.08203125,26.73363569766364,11.819565064612252,24.84233458909369,22.894857704693585,23.506683658923524,21.28471074343137,45.90900342862482
-468.93268,117.42031,2.6478,6.991628,38.383247,17.992321,-7.6721644,-33.70099,-10.268053,12.998928,-2.1137702,8.770992,-19.86045,15.162073,9.862001,-12.041233,-9.407377,-3.248177,-16.107721,-8.095919,22.860922,22.860922,22.860922,22.860922,22.860922,-9.731229,-2.5003383,-2.115938,-3.380368,0.7535399,3.2218852,2.2268133,-0.68891925,-1.6461873,-1.6388412,-1.8716556,-1.8716556,-1.8716556,-1.8716556,-1.8716556,0.19528683,0.16887218,0.09819071,0.10473271,0.14573427,0.19203779,0.25884858,0.37080163,0.33170298,1.0,0.8338695,0.25096115,0.0810546875,19.723658400952548,14.163841994656421,18.788877759460394,19.32343271760781,20.773489576643843,21.56205210080934,48.68192197140236
-450.98328,127.97746,19.976475,1.3261473,35.94613,2.5817552,-14.398568,-29.107647,-11.2701235,6.4851775,-2.3801875,15.18237,-18.60696,10.27984,12.304027,-0.99317414,-5.6509457,-6.67657,-6.166568,-9.474817,20.335047,20.335047,20.335047,20.335047,20.335047,-11.515354,-3.3345244,-0.8103128,-2.0130155,1.9272856,3.6499393,2.9090483,0.40845925,-1.0649894,-1.1013888,-1.8862561,-1.8862561,-1.8862561,-1.8862561,-1.8862561,0.7553441,0.6958457,0.18012913,0.14399846,0.2541931,0.4580271,0.47486013,0.28493643,0.18991867,0.41956118,0.99459314,1.0,0.06591796875,19.079411609415757,8.435827048503045,14.440802283551799,17.477221438560182,19.567832800757145,19.92294051710071,47.887075768669874
-428.64487,140.02155,22.47818,2.3995514,29.15715,4.029458,-17.44614,-26.392977,-16.082869,0.847739,-3.772511,14.580444,-22.77063,3.419598,14.883992,8.396248,1.7224655,-5.114484,5.4211607,-11.099224,17.87976,17.87976,17.87976,17.87976,17.87976,-12.942779,-3.8426778,-0.91775966,-2.0245032,1.2640715,3.651924,3.636718,2.000317,0.29870445,0.5275457,-0.80621654,-0.80621654,-0.80621654,-0.80621654,-0.80621654,0.71791106,0.5988574,0.06677302,0.045462046,0.23022631,1.0,0.9503309,0.2612039,0.08690753,0.16265473,0.39236006,0.5625305,0.0498046875,31.298298662180024,13.364867135557802,17.80280115432466,14.388194383156403,18.630474406740753,18.019895513624235,51.14600521100155
-441.47522,149.80829,24.431425,11.657249,20.513775,7.559867,-19.444645,-17.991352,-10.628757,-0.8996203,0.16258767,9.340648,-18.79927,1.5547421,11.385881,6.0708523,-3.622622,-4.30609,2.7178335,-13.447224,18.80229,18.80229,18.80229,18.80229,18.80229,-13.454463,-3.7097042,-1.307051,-1.593394,0.7228495,2.9309938,2.47066,1.059944,-0.02226577,0.06916963,-0.888839,-0.888839,-0.888839,-0.888839,-0.888839,0.23066764,0.24209791,0.034003083,0.031425525,0.20399535,1.0,0.7902674,0.15675034,0.025428414,0.036462788,0.047533866,0.09016013,0.0380859375,31.992540501239926,19.849880874984272,19.617361007010718,12.994115377127113,19.031313509768403,17.918418744921354,46.33504759914587
-405.88403,145.2933,13.420649,21.459648,15.721165,2.1397007,-33.18906,-19.158337,-9.6772785,-5.440171,-4.4028597,2.208252,-8.1691265,6.4040174,20.432648,-2.4284823,-12.783134,-3.3586094,3.6079543,-18.198406,16.315546,16.315546,16.315546,16.315546,16.315546,-13.372898,-3.7348068,-2.1504269,-0.4010824,2.335411,5.0306435,2.952855,0.84130704,0.041895445,-0.0452974,-1.6506071,-1.6506071,-1.6506071,-1.6506071,-1.6506071,1.0,0.74329966,0.06084057,0.016290441,0.10869007,0.49876347,0.29516143,0.049936194,0.009772815,0.009700915,0.011612198,0.12431557,0.03369140625,31.489222520031156,15.311134355944686,23.495458697003336,16.529495399603114,17.77002073903343,16.870601467089394,46.881396855204784
-354.20975,132.11475,3.5945716,29.2139,14.795156,-7.3074617,-31.150986,-24.14449,-6.001598,-8.122634,-15.836616,12.286161,-11.78001,12.009838,28.042711,-8.3236685,-1.9981358,-4.546753,1.3538542,-21.757282,13.63404,13.63404,13.63404,13.63404,13.63404,-12.373349,-4.136081,-2.2681203,-0.01448663,3.3068068,5.9014955,3.4956293,1.7148846,0.90703374,0.2915563,-2.6654367,-2.6654367,-2.6654367,-2.6654367,-2.6654367,1.0,0.87667805,0.056294102,0.0040444215,0.016059507,0.104943804,0.07953541,0.009472762,0.002165118,0.0033406853,0.004351288,0.08449076,0.03759765625,31.607828623834394,19.9379048728378,30.752383853004268,19.854462404082167,23.677528848671606,19.812909821500313,47.855764359813094
-347.78955,131.26003,11.073729,41.740654,19.90356,-19.075108,-30.21362,-25.885162,-2.688564,-7.444564,-25.128914,23.49291,-12.6450615,10.96206,29.312134,-15.100842,2.0335915,-11.395449,-5.58147,-19.860529,12.759632,12.759632,12.759632,12.759632,12.759632,-13.024568,-5.739342,-2.6217043,0.43532625,4.152836,5.994486,3.1406078,1.5378505,0.5075611,-0.3863483,-3.7369423,-3.7369423,-3.7369423,-3.7369423,-3.7369423,1.0,0.91427684,0.06290544,0.007976315,0.034877557,0.106519885,0.074643336,0.009480325,0.0014719003,0.0039316607,0.012997019,0.17849535,0.041015625,29.837271035618237,19.448302334413828,39.378675521724034,22.549815529515847,21.67185296261584,24.757744985781073,48.6292773289525
-391.57193,137.1268,16.098145,47.286522,23.030296,-20.32061,-28.213852,-24.817394,-4.8929834,-10.167002,-28.59767,22.28321,-8.802912,6.2258706,25.214516,-17.365746,-1.174025,-12.664782,-7.7774415,-14.621496,15.077535,15.077535,15.077535,15.077535,15.077535,-14.126677,-6.8581195,-3.521151,0.23935646,3.9152544,5.5245605,2.8784933,1.4141105,0.4499888,-0.49828178,-3.4785378,-3.4785378,-3.4785378,-3.4785378,-3.4785378,0.7985524,1.0,0.10107185,0.04008154,0.2152613,0.36206156,0.19085546,0.028359849,0.0034037675,0.0071541937,0.039442066,0.34330133,0.0419921875,28.30681643014754,20.86349874866069,31.83815556856923,20.59632727077266,22.548245347309294,23.409024252276367,47.1496236766999
-437.32413,144.92827,2.221939,52.001945,28.75747,-16.241512,-10.7149105,-13.288985,-5.3320556,-13.757557,-17.998552,16.120007,-4.5819907,5.848826,14.378164,-8.221934,-8.092796,-3.3316832,-6.2029657,-4.344797,19.31999,19.31999,19.31999,19.31999,19.31999,-13.790992,-5.7231164,-4.5574174,-0.8551523,2.5485268,3.1527238,2.2004697,1.0007693,0.6949506,-0.53775156,-2.125902,-2.125902,-2.125902,-2.125902,-2.125902,0.49116686,0.70832884,0.089645594,0.11956009,0.5959456,1.0,0.41598234,0.043693814,0.006471596,0.007030023,0.011745007,0.06880548,0.04638671875,48.872130553320574,17.308688360095953,30.98325770095086,15.661930424050153,15.720550580191848,19.342688147372847,43.37878726481148
-378.75464,125.29831,-12.922174,42.63327,32.139786,-16.59628,-13.041456,-0.2484883,-4.893406,-13.122976,-16.508526,12.344904,-10.377857,4.083908,13.180827,6.9740896,-7.31739,6.9736385,-6.7878942,3.0459967,17.655607,17.655607,17.655607,17.655607,17.655607,-11.00906,-3.988879,-4.2000623,-1.7175941,1.7380536,2.2064216,2.0609574,1.6952162,2.0129488,0.5296641,-0.6857416,-0.6857416,-0.6857416,-0.6857416,-0.6857416,0.16519101,0.30340272,0.09780809,0.13610692,0.45287907,1.0,0.960027,0.7428319,0.2532887,0.054518946,0.027280342,0.07552079,0.04345703125,28.628681215539075,16.671894381667236,18.344377682543485,12.21317612659513,14.338669052295696,20.638124328972676,43.41432550385402
-346.18607,109.3125,-2.9190283,49.382133,18.21153,-19.436527,-18.193748,-0.09033382,-7.0291595,-15.092552,-22.386848,23.497837,-8.08394,-2.8966684,15.34672,3.4648037,-4.843896,9.29462,0.23589855,0.7748902,15.484183,15.484183,15.484183,15.484183,15.484183,-10.755013,-5.0405087,-3.424663,0.0038798947,2.1384585,2.7037282,2.0007143,1.8914292,2.2257023,1.0120482,-1.0290052,-1.0290052,-1.0290052,-1.0290052,-1.0290052,0.012196993,0.06169979,0.099681206,0.028109074,0.0362857,0.15499495,0.59377545,1.0,0.2804104,0.01735165,0.0029267597,0.007739097,0.05224609375,27.522146963826167,28.107482140194247,23.918516964409125,11.341319766368825,17.902811397389215,19.848833464859574,48.0041348558159
-343.65533,90.57745,2.819517,70.600586,20.60896,-23.489887,-15.894457,-4.3283286,-7.0475874,-20.775291,-24.898945,31.142176,-10.409296,-8.106498,12.801839,-5.62746,-2.41596,9.949846,4.4022856,-1.0232642,15.503254,15.503254,15.503254,15.503254,15.503254,-11.022892,-7.019217,-4.6680217,0.08945382,2.184645,2.477412,1.5696498,1.668715,2.3336895,1.2015607,-1.0555354,-1.0555354,-1.0555354,-1.0555354,-1.0555354,0.009849033,0.06653382,0.19052272,0.037358906,0.017799454,0.06707792,0.5085452,1.0,0.1857839,0.00863606,0.0019359171,0.0036285354,0.056640625,29.402424744062227,23.965509369944847,24.06159315654778,17.416173784015648,21.357491656610637,23.80580007992586,47.68673554445594
-341.37033,90.95917,-2.8424675,82.19702,20.573114,-32.10363,-18.91021,-8.204872,-8.672539,-16.785593,-22.713253,37.2557,-12.603586,-7.309484,12.1285305,-11.16896,-1.5998889,5.7848296,6.688631,-2.074421,14.781049,14.781049,14.781049,14.781049,14.781049,-11.14594,-6.8503923,-4.4791775,0.98640627,3.2496147,2.883672,1.3268124,1.1709814,1.3584096,0.68904746,-1.449727,-1.449727,-1.449727,-1.449727,-1.449727,0.025453372,0.21386985,0.38681057,0.05422543,0.028849876,0.09664217,0.73068845,1.0,0.12738562,0.005125118,0.0029405102,0.0064368793,0.05029296875,32.289377575224556,22.745547671748966,24.925681919627287,15.641406561212312,21.752672048335384,23.605346143950847,49.16856897769
-338.75974,101.55624,3.7033548,86.77504,19.521406,-39.209724,-24.645412,-6.519439,-12.150244,-11.984233,-26.865265,36.611206,-13.960451,-3.1620474,10.600794,-14.688807,-4.985792,0.6396538,8.700807,-5.0342455,13.325478,13.325478,13.325478,13.325478,13.325478,-12.207974,-7.4867554,-4.54782,1.3938477,4.129864,3.2672005,1.1020805,0.9283825,0.63491976,0.67953646,-1.7763536,-1.7763536,-1.7763536,-1.7763536,-1.7763536,0.09631509,0.2837781,0.2283159,0.06363463,0.17856236,0.57840955,1.0,0.43453497,0.04720355,0.002703216,0.0056053177,0.02019552,0.0546875,35.431236544076356,20.75815738801817,17.90183196932235,16.46593427277333,17.964337129438178,25.061948290006782,51.93917711126273
-361.9966,105.570244,17.368683,94.74976,22.61638,-37.66541,-20.471622,-8.195292,-16.030594,-17.31321,-32.45014,30.785215,-13.9733305,0.425273,10.445973,-16.71932,-9.985337,-4.9359217,5.5560036,-4.569473,13.907862,13.907862,13.907862,13.907862,13.907862,-14.011829,-9.721468,-6.2652054,0.43196788,3.8899846,3.3624172,1.6547894,1.356583,0.77189666,0.59487605,-1.8997408,-1.8997408,-1.8997408,-1.8997408,-1.8997408,0.13375008,0.21853228,0.19802769,0.35281512,0.72874516,0.96806526,1.0,0.323276,0.03764702,0.01168804,0.03666973,0.07617661,0.05224609375,30.72051900976443,19.030301678724953,29.31837727755513,13.581739536394451,19.65173052728516,28.62032347030986,52.88197662501534
-395.96432,106.3633,22.863789,94.119774,26.427305,-27.551565,-10.393043,-0.34950763,-22.493568,-21.755999,-32.580917,23.934038,-18.734226,7.3659544,13.103476,-16.966385,-7.49158,-7.9098687,6.9739785,-6.555113,16.425993,16.425993,16.425993,16.425993,16.425993,-14.571803,-10.667431,-7.63795,-1.5328593,2.5521045,2.8390198,1.8735703,2.4862916,1.3448231,1.0140136,-1.5996449,-1.5996449,-1.5996449,-1.5996449,-1.5996449,0.16064537,0.4624797,0.96078986,1.0,0.71141785,0.71195465,0.97474426,0.5499727,0.10238212,0.09488336,0.096395,0.074954644,0.0498046875,28.763419180126135,16.226280468806404,20.17987925134539,15.702523157429706,20.596352170598326,22.907105635733714,50.74195222766264
-434.68613,102.9386,24.997078,93.74553,24.758574,-12.88906,-4.4108915,4.375928,-18.194475,-23.349283,-25.110939,17.876701,-25.18439,5.727752,10.974301,-14.7347145,-5.3186274,-7.713935,13.245319,-5.8403263,20.080467,20.080467,20.080467,20.080467,20.080467,-14.043914,-10.3392935,-8.129798,-2.9433312,0.5371973,1.5473733,1.1524063,2.289477,1.5475698,1.598703,-0.3792548,-0.3792548,-0.3792548,-0.3792548,-0.3792548,0.35802266,0.51893055,0.5968718,0.8546693,0.80175394,0.6228904,1.0,0.45486766,0.10731153,0.089075916,0.0760354,0.11042048,0.044921875,25.357283331222362,9.904599977175968,19.667617400761426,18.374961478275814,20.350542770813586,23.9954515752853,52.454459437904205
-477.95712,111.71701,30.400839,91.14633,26.650923,-6.3507595,-0.16681129,2.3041253,-10.145005,-24.463766,-18.892178,17.298634,-16.519522,0.8976811,12.1017685,-8.292647,-3.9258127,-3.3688564,9.689606,-9.127024,23.072958,23.072958,23.072958,23.072958,23.072958,-14.5143795,-10.148989,-7.970405,-2.7658703,0.019624589,1.2311392,1.290813,1.982951,1.7786244,1.1386958,-0.8605984,-0.8605984,-0.8605984,-0.8605984,-0.8605984,0.2862112,0.2778825,0.54655856,0.27504858,0.7006242,0.8867034,1.0,0.30449197,0.069770105,0.09846188,0.17075294,0.19603159,0.04052734375,29.63017237693605,8.803329434277202,27.823930563880502,14.163140687912625,21.793166133125478,20.53966098007139,49.53779475728403
-509.69623,126.60283,29.583277,76.84213,35.153145,-6.02541,8.622368,3.5367324,-9.109747,-23.988049,-16.028229,12.2372055,-5.483469,-4.448161,11.445051,-7.626237,-7.2748137,2.2711365,3.5435936,-0.3361382,25.139305,25.139305,25.139305,25.139305,25.139305,-14.859736,-9.398336,-7.7603536,-3.0764098,-0.42543417,0.51356435,1.1106175,1.578106,1.8083104,0.6938053,-0.47489095,-0.47489095,-0.47489095,-0.47489095,-0.47489095,0.42301697,0.23463064,0.39084986,0.2092795,0.39653224,0.83005184,1.0,0.31182465,0.09477036,0.081847,0.14368863,0.35903907,0.03125,23.19974902801907,14.728673733254888,17.753088314253006,14.014286418020014,16.814035776125536,21.671309046411103,49.51442451125702
-527.232,128.69943,29.901863,58.244316,33.383347,-3.3074288,10.879681,6.2883797,-10.593176,-21.316,-13.4383,6.575265,-1.5242083,-3.6547487,7.505831,-7.4160824,-11.697061,1.7152922,1.420774,3.238525,26.6621,26.6621,26.6621,26.6621,26.6621,-14.132707,-8.173314,-6.7438526,-3.103708,-0.681205,0.04507359,0.7785961,1.149041,1.3066039,0.34582233,-0.21624705,-0.21624705,-0.21624705,-0.21624705,-0.21624705,0.37063205,0.20094056,0.255781,0.18541944,0.44206625,1.0,0.9943215,0.23763283,0.099531874,0.081974074,0.100248374,0.1448679,0.03125,26.05901870695099,7.94460966335972,15.744999823906289,10.656983955808624,15.356699953454166,19.199768098299188,51.14522704455996
-492.03653,86.38524,56.663147,39.59828,18.084406,11.492334,-6.4633284,11.793468,-15.869499,-8.649851,-11.22614,3.1522846,-9.277634,4.2393003,4.8393345,-3.3355339,-8.773359,1.1838357,1.172201,0.61513066,25.442232,25.442232,25.442232,25.442232,25.442232,-11.298261,-8.065137,-4.7234364,-2.7406209,-0.83490103,0.7922335,0.488955,1.2924246,0.7972403,0.61869556,0.024621092,0.024621092,0.024621092,0.024621092,0.024621092,0.6241177,0.34327886,0.2483667,0.27559033,0.65859735,1.0,0.89977187,0.45359254,0.23675144,0.19366287,0.17989926,0.27491927,0.111328125,24.52803105386966,5.686741330582863,15.241987946741329,14.945904655669064,13.050086893496806,15.547292469245606,43.61818920407316
-427.088,46.301025,53.677795,16.381256,6.669713,25.828121,-9.291979,13.893198,-9.54874,-0.4790585,1.4809172,-0.44521338,-10.799812,8.786793,6.2894115,2.1830702,-11.305044,2.4891186,4.879668,6.1968846,24.274015,24.274015,24.274015,24.274015,24.274015,-6.6289625,-5.062338,-2.2623897,-2.3587427,-1.5055996,0.7423008,0.11541529,0.33016944,-0.068989746,0.2463969,0.72361714,0.72361714,0.72361714,0.72361714,0.72361714,0.9396568,0.7010574,0.28872067,0.35144103,0.5845514,0.5240914,1.0,0.90698403,0.46585527,0.3075998,0.47585753,0.493699,0.12451171875,20.371794283812942,10.69605647311397,16.642125387510962,12.27311150186695,13.523941739195775,15.884807771752893,44.38404749876515
-437.10904,45.88365,55.47398,14.995365,11.173914,32.92005,-16.74224,9.791908,-10.059265,0.82512665,7.617704,-3.3947725,-9.818011,10.338972,2.6493988,2.1939793,-13.462236,1.9755393,5.0390654,10.857851,24.556934,24.556934,24.556934,24.556934,24.556934,-6.919282,-4.9921722,-2.3622675,-2.5526512,-1.3041337,1.2578393,0.15543753,-0.095136546,-0.58322096,-0.1606177,1.1457204,1.1457204,1.1457204,1.1457204,1.1457204,0.59665143,0.49379012,0.26834136,0.53964317,1.0,0.82587093,0.78656757,0.77471125,0.5075585,0.39830753,0.47754398,0.3992906,0.14306640625,34.71030413249909,8.710335940667962,13.483532314246961,14.932445197893163,15.322998525954294,19.10658594132086,45.1066856827089
-503.9957,68.67465,51.35274,28.40968,20.529108,29.861572,-17.479961,6.465043,-15.326118,-2.4302766,12.60908,0.26957393,-5.3097854,6.045412,2.4687035,1.6631818,-13.570673,-0.14930749,0.49930465,4.814024,27.197266,27.197266,27.197266,27.197266,27.197266,-9.439244,-5.710025,-3.312506,-2.34748,-0.7201642,1.6878047,0.5534922,0.07995403,-0.980828,-1.1766626,0.119604245,0.119604245,0.119604245,0.119604245,0.119604245,1.0,0.72968227,0.30873874,0.54809815,0.94877905,0.7299878,0.6448403,0.4344332,0.4423833,0.32437673,0.2522026,0.5021557,0.1376953125,19.118556313809727,10.872639342253066,13.60292544050354,15.062562260785862,15.757950060844262,20.1585026541389,45.42606121526336
-542.31323,90.68521,45.36788,38.10523,28.765335,18.231327,-8.666384,7.691087,-16.810213,1.5926867,7.88309,2.9786558,-3.317641,5.3728337,4.678567,3.1932034,-4.105309,-0.9535935,-3.547651,-4.260558,28.751455,28.751455,28.751455,28.751455,28.751455,-10.686073,-6.019469,-4.076236,-2.4514894,-0.33532172,1.2466027,0.71390617,0.860105,-0.62875026,-1.0212446,-0.8513936,-0.8513936,-0.8513936,-0.8513936,-0.8513936,1.0,0.68703264,0.44181398,0.4000014,0.66179746,0.48041442,0.46062765,0.55264944,0.40884888,0.2690505,0.46033862,0.9668081,0.06201171875,19.891162630192046,10.919937385136159,21.277494303016944,13.796494114292798,14.290336032580417,16.045156360044206,47.85963616883426
-561.39087,99.5517,44.363007,42.1809,26.343323,13.8953,1.5413653,7.171088,-13.804573,-0.56327474,7.788592,-0.34341955,1.6113484,7.27969,5.9726214,3.0006595,-0.87003404,4.087201,-0.08376467,-4.8402004,29.987907,29.987907,29.987907,29.987907,29.987907,-11.16307,-6.0258365,-4.500409,-2.2813995,-0.32813904,0.81837547,0.86930925,1.1070188,0.061257612,-0.45732266,-0.60500157,-0.60500157,-0.60500157,-0.60500157,-0.60500157,0.6059183,0.43735087,0.315561,0.3165122,0.57541233,0.60159147,0.8229363,0.9819625,0.59666026,0.5568754,0.81755686,1.0,0.04931640625,16.40888154595569,10.92086760220739,16.79583464566194,13.526687697780638,14.6544191004328,19.677756287533384,46.28812071379514
-567.9631,110.36809,42.3186,35.829346,20.477688,9.053799,5.361082,4.5650115,-6.7601376,-3.6826308,2.374792,-4.012944,2.7102184,7.3587394,8.537033,2.1609712,-2.615168,5.323657,0.4460739,-4.426752,30.445198,30.445198,30.445198,30.445198,30.445198,-11.351406,-5.62126,-4.1878653,-2.0748389,-0.37923017,0.66158974,0.9782253,0.9634475,0.65383196,0.07410649,-0.39450052,-0.39450052,-0.39450052,-0.39450052,-0.39450052,0.5110209,0.3754203,0.30732587,0.31379053,0.49565816,0.6285963,0.82866794,0.8489538,0.6460777,0.6199461,0.96862215,1.0,0.03271484375,24.7609798963732,10.593741089409464,14.963162961571324,13.967914126774968,14.372476252471664,15.309695568703354,46.988904105729745
-572.7356,110.95143,39.318996,34.85862,27.754375,14.523504,10.944124,2.8053257,-5.7638426,-2.416666,3.1683047,-2.6074007,-5.096228,4.7702513,10.818977,3.0885763,-1.3252199,2.5906038,1.030654,1.7401905,31.106064,31.106064,31.106064,31.106064,31.106064,-11.160629,-5.586387,-4.5701766,-3.3928127,-1.4837896,0.108978055,0.9498461,0.9491536,0.5642611,0.21506253,0.3211253,0.3211253,0.3211253,0.3211253,0.3211253,1.0,0.60496616,0.47701746,0.58823717,0.6772774,0.6087398,0.6250187,0.64972997,0.69249135,0.78148323,0.64921755,0.7879819,0.03369140625,19.056095021276633,14.306336967495238,17.640776379514172,12.106199192616511,15.023542721076371,14.29233419421583,47.31152021147703
-576.8516,110.84826,42.059273,38.42006,32.382187,10.9495945,4.7193365,1.4583948,-2.9483528,1.4403105,5.6743393,1.2572188,-1.1082116,6.8076167,12.890797,6.1273203,-0.1929267,2.441055,3.122045,3.200747,31.088219,31.088219,31.088219,31.088219,31.088219,-11.237348,-5.610521,-4.257686,-2.68578,-0.43050358,0.8705116,1.1690868,0.7511008,0.16900653,-0.091789916,-0.022532733,-0.022532733,-0.022532733,-0.022532733,-0.022532733,0.9547385,0.6701659,0.58458525,0.6979947,0.5966428,0.5971108,0.6332214,0.8219766,0.9739394,1.0,0.8488417,0.8968004,0.0244140625,23.396361493477105,15.742225416257432,15.196823223200727,14.604899373011005,16.085795486209975,14.617366558334645,17.165545610680834
-601.157,99.28899,48.290157,34.101273,29.600788,11.251917,-1.0821257,-1.0962567,0.27445003,2.0245872,3.46177,1.9862463,2.3151915,6.4297915,7.5701756,3.1915176,0.57659256,3.1111112,4.394552,2.7427135,33.049603,33.049603,33.049603,33.049603,33.049603,-10.569712,-5.775741,-3.7329206,-2.078846,0.0042629326,1.0205082,0.7783684,0.2894953,0.055934835,0.00650419,-0.07278322,-0.07278322,-0.07278322,-0.07278322,-0.07278322,0.6916234,0.7763865,0.65904826,0.6979211,0.9272631,0.94726044,0.8208231,0.8233728,0.8927766,1.0,0.9563652,0.79725164,0.01513671875,10.492471918984823,5.845192207498309,12.44462009780506,13.739973370550732,14.1370610985819,16.58493490980935,15.568199866397752
